user_id,sku_id
200674,136244
200913,31493
200938,92909
201081,153395
201200,63006
201245,113319
201393,24371
201398,124997
201441,61581
201464,103132
201477,31662
201971,0
201978,0
202155,5505
202183,126146
202238,0
202338,89802
202409,7498
202597,3067
202619,18412
202657,12564
202755,75527
202924,164211
202960,63006
202984,20308
203014,0
203117,147796
203123,0
203221,149641
203395,21147
203441,14163
203510,57018
203534,166707
203624,62351
203713,147796
203751,40336
203984,0
204132,37957
204160,0
204253,154636
204283,61226
204352,166624
204535,154636
204643,0
204807,63006
204845,60861
204861,12564
204911,75877
204989,36748
205255,0
205308,12564
205313,84389
205320,80030
205399,103652
205473,31662
205732,103132
205845,149641
205852,57161
206046,63006
206140,91393
206208,62476
206306,0
206344,0
206472,0
206513,57018
206609,156778
206756,130683
206758,147833
206860,63006
206873,59175
206935,47895
206937,124997
207012,32465
207148,37957
207326,60230
207371,141965
207483,32465
207504,153395
207511,86942
207554,88295
207619,76924
207889,0
207982,62351
208003,84389
208029,129843
208048,149854
208067,63006
208182,134289
208246,167310
208302,75877
208316,44854
208362,138151
208386,160476
208443,52343
208577,37957
208673,154636
208848,31662
208886,127735
208922,0
209018,36171
209038,97025
209066,63006
209071,0
209074,5505
209107,154012
209316,166707
209413,132417
209440,124997
209445,57018
209474,76270
209488,0
209526,20308
209734,0
209784,0
209881,52343
209995,0
210030,13334
210113,47193
210128,0
210190,132782
210196,0
210339,125110
210541,149641
210604,0
210639,112274
210664,18412
210689,0
210714,65520
210768,0
210770,20932
210801,133477
210904,52343
210984,69209
210996,62863
211034,73427
211108,37995
211122,39674
211264,14433
211450,84409
211454,144267
211482,57161
211519,152179
211586,39065
211594,21457
211649,134619
211706,52343
211730,63006
211875,62863
211897,32465
211951,109083
212001,16839
212051,0
212063,66331
212090,36748
212100,12564
212140,39425
212169,65520
212190,79520
212293,134084
212414,0
212457,58246
212554,144589
212589,0
212599,18412
212617,0
212702,154636
212746,76270
212759,113305
212766,36171
212795,0
212805,0
212830,32465
212859,126906
212886,63006
212894,47895
212906,62351
212955,125730
212996,31662
213005,14163
213031,0
213032,63006
213078,24371
213158,62476
213219,57018
213227,154636
213298,18412
213380,44854
213405,0
213426,131300
213518,75877
213581,0
213602,9702
213670,0
213708,0
213722,0
213743,6486
214011,65520
214095,61226
214240,15259
214249,12564
214289,40336
214316,149838
214317,156064
214329,134084
214331,161594
214390,51477
214411,44854
214426,0
214455,0
214468,0
214488,10089
214512,63006
214633,73842
214718,70839
214727,21147
214782,94556
214787,0
214818,124997
214839,68767
214898,79636
214949,93169
214974,32465
214991,0
215034,67755
215147,109093
215174,31662
215215,112513
215414,0
215517,36171
215544,0
215703,63006
215804,84409
215837,108824
215858,57018
215926,149641
215929,78694
215951,165516
216045,107012
216079,18189
216162,36371
216216,97025
216229,18412
216256,37995
216305,5825
216366,155707
216373,154636
216395,9448
216399,14577
216478,21147
216551,147796
216662,63006
216687,75539
216728,15661
216903,91393
217089,73469
217133,149641
217142,0
217163,24679
217231,79520
217236,44854
217277,135187
217336,88295
217349,0
217363,0
217411,21147
217532,119979
217540,94561
217543,65520
217630,154636
217662,0
217691,0
217709,112513
217731,0
217800,57018
217924,154636
217930,32465
218068,89555
218100,28295
218118,63006
218130,24371
218213,94405
218302,32465
218351,0
218396,0
218418,57018
218536,60861
218579,109912
218629,28000
218666,57018
218682,0
218737,120189
218771,147796
218777,0
218872,91393
219042,5825
219090,151327
219125,31662
219161,0
219205,37995
219254,101181
219274,113305
219299,22499
219310,88295
219354,166707
219494,0
219543,61531
219559,52343
219603,79636
219655,83048
219669,52343
219754,63006
219856,107711
219893,0
219973,24371
220081,169819
220145,23696
220208,32465
220385,107012
220393,126146
220509,126906
220732,0
220866,18103
220960,126394
221004,147796
221039,32465
221055,126146
221058,126146
221103,63006
221113,57018
221157,85557
221195,154636
221341,65520
221346,63006
221446,152872
221455,128747
221490,145946
221591,22438
221618,31662
221814,44854
221840,0
221875,154636
222037,13843
222095,97025
222132,106714
222193,112274
222214,44854
222218,12564
222261,42199
222306,21147
222310,80030
222345,63006
222404,31493
222415,75877
222453,68767
222488,154636
222593,32465
222611,0
222618,65520
222622,17069
222683,114640
222720,0
222806,161594
222907,110974
222947,57018
223022,0
223061,154636
223124,138151
223146,0
223152,147796
223174,0
223264,24371
223270,147796
223296,32465
223320,43062
223350,0
223359,40336
223383,38639
223409,84389
223440,44854
223457,156064
223486,36371
223578,28295
223617,151992
223629,154636
223666,79636
223874,69355
223887,2340
223925,6533
224024,0
224160,0
224173,44854
224181,0
224199,0
224219,79636
224285,131300
224334,36307
224387,69230
224391,18412
224436,32465
224485,0
224524,57018
224621,126146
224652,156064
224717,148001
224733,63006
224827,63006
224879,154636
224966,73398
224969,0
225001,109726
225035,0
225041,63006
225088,154636
225133,132257
225141,119979
225174,63006
225249,111741
225297,44854
225312,11640
225353,136670
225378,0
225461,12564
225471,37957
225526,164609
225971,117231
226131,20308
226202,12564
226216,47193
226222,17143
226359,63006
226388,152872
226448,72771
226450,62863
226458,79520
226559,123162
226589,88295
226691,36307
226699,116489
226748,0
226784,0
226891,57018
226950,0
226956,63006
226966,57018
227034,109728
227171,152478
227228,154636
227259,0
227269,97536
227281,103652
227388,154636
227393,65520
227441,133029
227600,167983
227630,101181
227675,74141
227683,49126
227827,14433
227840,55092
227848,154636
227921,79636
227992,57018
228123,22030
228142,52343
228155,38222
228187,0
228275,21457
228342,0
228367,31662
228374,0
228410,1101
228417,63006
228567,63006
228571,0
228783,47193
228832,138151
228933,31662
228965,78694
229011,6533
229046,12564
229052,79520
229065,0
229073,0
229115,5505
229140,160209
229144,63006
229203,21147
229228,73398
229250,154636
229272,24371
229364,65520
229431,161193
229520,0
229573,0
229627,77571
229662,18412
229793,97246
229839,31662
229859,164609
229860,0
229883,147796
229906,63006
229955,79520
230012,77571
230141,145946
230193,38459
230277,0
230308,128977
230331,97097
230405,31662
230408,32465
230436,32465
230471,57161
230552,161870
230562,154636
230571,72855
230578,166354
230780,152179
230818,57018
230824,12564
230840,149641
230892,32465
230979,103132
230996,57018
231000,44854
231109,57018
231154,12564
231187,77447
231217,59175
231237,7746
231490,164544
231516,156064
231532,0
231610,126535
231702,18412
231728,138493
231740,154636
231751,40336
231773,16839
231776,154636
231780,134619
231788,63006
231913,149641
231996,97025
232123,32465
232188,147796
232197,144129
232381,124997
232438,21147
232461,94405
232476,164609
232495,50174
232507,0
232565,0
232608,144170
232770,47193
232780,65520
232830,0
232857,126146
232891,0
233029,0
233050,0
233057,21457
233066,0
233101,63006
233261,0
233377,109728
233409,102098
233565,43449
233705,143717
233798,70839
233823,42199
233845,61531
233946,138778
233996,63006
234085,37957
234160,156064
234273,14433
234315,88975
234317,78694
234354,77571
234366,57018
234380,57297
234402,122664
234450,52343
234478,57018
234519,74517
234590,10325
234708,63006
234884,21147
234906,161792
234984,62872
235151,161181
235162,156064
235182,0
235194,29512
235242,119979
235255,116881
235270,12564
235280,0
235362,32465
235480,21147
235522,20308
235611,0
235639,52343
235779,73265
235793,0
235796,36685
235812,72855
235825,63006
235948,0
235971,73398
236000,0
236052,40336
236084,94795
236085,154636
236097,5825
236168,161594
236198,36307
236306,128988
236325,0
236360,78694
236384,0
236469,134084
236489,80030
236505,117996
236543,154636
236578,40336
236587,144267
236592,57161
236598,21147
236602,142667
236604,47895
236608,0
236636,53857
236693,63006
236742,24371
236792,32465
236870,15661
236899,14163
236931,0
237009,167983
237036,65520
237071,0
237077,160476
237089,24371
237095,112555
237114,15259
237197,154636
237214,73398
237365,12564
237431,169819
237456,138151
237516,67755
237610,84389
237640,22499
237694,5825
237780,47895
237821,12564
237845,0
237895,21147
237897,89802
237968,0
238004,56792
238025,142140
238041,95890
238125,77571
238153,107012
238177,154636
238279,148421
238287,138151
238353,154636
238367,56312
238409,164609
238474,0
238526,61226
238543,32465
238563,69355
238606,14163
238642,166707
238699,3252
238717,94561
238745,169819
238888,164252
238898,166354
239003,44854
239066,156064
239068,0
239097,152179
239113,81708
239119,151327
239120,12564
239163,49126
239202,49367
239236,151327
239323,160476
239328,115215
239468,31662
239507,144170
239511,36307
239565,154636
239600,32465
239601,164252
239613,103234
239685,0
239708,155707
239735,44854
239805,60861
239842,57018
239866,84389
239892,81462
239912,127735
239934,126335
240054,127367
240117,154636
240178,63006
240232,32465
240270,161594
240340,40561
240356,59175
240484,52343
240508,147796
240597,20308
240605,5825
240785,37957
240844,112332
240871,60230
240948,5825
240970,147901
241003,154636
241011,149641
241034,32465
241053,0
241060,101181
241111,37957
241165,62476
241167,0
241185,152478
241447,151760
241559,0
241580,28250
241588,5825
241591,15661
241649,57018
241759,44854
241765,128988
241767,0
241801,81462
241830,0
241928,12564
241985,84409
242121,154636
242317,57161
242369,0
242392,140807
242426,97948
242497,44854
242500,147796
242533,63006
242541,0
242614,74517
242637,57018
242645,126478
242690,80030
242700,14163
242720,75539
242772,0
242813,64974
242867,0
242890,73469
243029,125756
243052,84389
243159,155017
243175,154636
243271,0
243328,52343
243359,31662
243392,24371
243424,61531
243461,154636
243466,31662
243493,84389
243498,122934
243511,0
243526,0
243557,57018
243585,149854
243606,42199
243643,88295
243734,54709
243866,36685
243919,0
243989,37995
244001,43062
244006,61531
244041,64467
244117,101181
244154,32465
244209,31662
244262,15661
244272,20308
244278,47193
244494,77221
244551,41436
244552,36307
244588,154636
244595,63006
244687,0
244702,32465
244703,0
244773,31662
244878,69209
244944,125756
245036,31662
245046,12564
245306,166354
245321,0
245443,0
245453,95850
246036,166876
246187,57018
246549,63006
246619,123773
246825,57161
246979,112513
247006,0
247239,103014
247519,154636
247645,115851
247801,55368
247838,154636
247845,0
247847,0
247974,34697
248002,99646
248019,44854
248021,15259
248065,32465
248153,124997
248226,125704
248234,111847
248242,47895
248251,69355
248303,57161
248451,74517
248461,77723
248503,138684
248524,97025
248606,124997
248639,0
248681,52343
248742,68615
248809,156064
248846,149295
248857,57018
248866,37957
248935,131300
249059,169819
249066,5505
249099,154636
249171,126146
249534,34724
249548,21681
249810,5825
249833,57018
249871,75877
249903,138151
250042,50181
250168,63006
250220,68767
250320,0
250414,14577
250530,153698
250546,0
250569,0
250583,81462
250726,70839
250759,0
250776,12564
251037,153395
251165,124997
251233,78694
251373,0
251484,84389
251689,24679
251733,138778
251977,61531
252316,15259
252432,34406
252460,12564
252477,0
252823,18412
252842,0
252865,79517
252933,52343
253055,154636
253219,154636
253260,57018
253393,60861
253493,47895
253728,52343
253768,57018
253777,31662
253801,0
253804,5825
253830,5825
253914,38639
254053,157120
254067,103652
254080,276
254114,37957
254240,132573
254296,18412
254317,63006
254329,12540
254332,160476
254393,52343
254398,154636
254417,145990
254442,1745
254519,0
254604,95890
254769,5505
254833,153551
254954,65520
255013,38222
255076,0
255125,47193
255134,121950
255189,24371
255206,126146
255296,24371
255470,63006
255593,69355
255659,57018
255702,0
255890,149295
255891,70839
256019,161265
256140,161265
256240,57018
256311,94703
256359,115851
256410,134084
256426,44854
256452,0
256461,5825
256465,0
256553,166707
256571,166707
256579,42721
256705,154636
256776,57018
256785,0
256914,127896
256954,126146
257000,112332
257129,44854
257253,0
257305,62351
257344,47193
257532,0
257635,6533
257695,32465
257702,128988
257965,0
258158,154636
258197,112495
258385,81462
258398,0
258457,164544
258471,164609
258493,124997
258517,61531
258614,164211
258742,107012
258873,12564
258888,154636
259161,149641
259260,63006
259265,63006
259308,0
259384,52476
259424,32465
259545,12564
259549,36307
259617,63006
259796,18412
259848,101181
259854,47193
259939,158569
260050,103890
260307,37957
260319,32465
260329,117452
260379,0
260403,69209
260521,131300
260716,6533
260814,84409
260925,79520
261007,0
261013,89802
261025,0
261049,0
261427,145946
261519,138684
261632,160476
261721,37995
261810,149641
261929,28295
261938,32465
261982,156064
262052,115867
262200,126146
262256,16127
262288,84389
262296,6533
262413,103234
262416,21147
262485,15106
262503,15258
262513,63006
262540,103132
262614,154636
262697,69209
262737,74141
262841,57018
262884,154636
262890,41101
262894,20308
262977,63006
263077,10325
263134,62351
263243,74141
263303,81708
263512,153698
263609,103132
263658,0
263735,151327
263752,0
263793,12564
263805,153551
263842,0
263884,164544
263904,0
263910,12564
263951,117452
264000,47895
264071,12564
264189,36307
264397,149641
264430,21147
264626,128988
264647,18412
264660,31662
264722,63006
264735,149641
264754,90294
264945,57018
264973,58568
265170,21457
265263,20308
265285,0
265338,52343
265539,98253
265802,61531
265865,37957
265976,154636
266154,52343
266215,0
266241,160476
266383,12564
266489,147796
266629,89802
266639,57018
266647,0
266833,64974
266939,156064
266966,73842
267232,63006
267245,57018
267322,154636
267399,160476
267551,14433
267572,10321
267573,47107
267623,166707
267765,44854
267778,69209
267872,128089
267903,37957
268008,0
268077,58246
268327,47193
268439,129010
268484,44854
268485,65520
268502,59038
268564,73398
268619,123328
268768,131300
268771,42199
268817,0
268920,63006
268937,0
268945,32865
269032,0
269059,44854
269072,169819
269206,0
269220,32465
269325,59175
269343,0
269429,154636
269446,147796
269689,81462
269766,12564
269893,59175
269898,98253
269909,147785
270080,9702
270147,61531
270164,103652
270271,78694
270272,0
270308,169197
270311,63006
270393,164211
270407,94405
270453,0
270655,0
270698,0
270787,154636
270992,84409
271234,18412
271304,63006
271309,161193
271405,138151
271502,0
271592,21147
271637,12564
271794,125110
271893,31662
272237,75489
272374,156064
272385,52343
272566,0
272605,134084
272626,10325
272631,107012
273251,52343
273305,68615
273354,0
273794,6533
273808,79520
273960,115863
274038,164544
274072,0
274161,154636
274217,0
274289,142667
274318,85719
274725,63006
274814,12564
274869,153698
274879,85557
275070,124997
275371,127735
275472,24371
275525,5505
275541,114132
275676,57018
275769,40336
275840,18412
275892,0
276003,63006
276054,63006
276087,7030
276095,84389
276162,12564
276415,104955
276488,0
276556,31662
276594,138289
276682,109083
276709,134084
276781,0
276851,125581
276866,37995
276919,63006
277033,152279
277037,57018
277050,68615
277061,149854
277073,63006
277074,6033
277083,28295
277085,0
277288,154636
277471,0
277618,0
277664,0
277681,149641
277722,52343
277732,126146
277827,94561
277948,116489
278041,151541
278067,57018
278112,32465
278316,166707
278533,152478
278583,79520
278676,62863
278797,129889
278804,125756
278846,14433
278855,90294
278922,12564
279258,84409
279366,160476
279436,125756
279524,41101
279584,28754
279615,40336
279620,38639
279639,0
279660,0
279687,70352
279740,64974
279907,97025
279921,63006
279962,142477
280144,47895
280150,0
280186,0
280387,0
280475,36307
280553,126535
280627,63006
280668,75877
280742,0
280797,12564
280851,31662
280862,142140
280897,18031
280964,0
280983,103234
281032,42199
281061,31662
281066,31662
281137,37957
281278,34314
281292,15259
281675,0
281721,0
281751,149641
281825,63006
281852,44854
281883,135187
281887,103234
281921,57018
282037,47895
282135,153551
282429,63006
282435,133477
282478,75877
282584,57018
282735,0
282751,0
282855,84409
282871,52343
282890,153698
283182,60230
283211,166707
283262,20308
283382,73842
283478,124997
283601,59175
283610,5825
283685,5825
283699,0
283724,0
283780,169819
283862,57161
283892,22499
283917,27858
283994,161594
284046,18412
284097,0
284205,12564
284275,0
284299,52343
284304,81708
284373,149641
284430,124997
284504,108824
284585,7498
284604,69355
284628,5505
284663,31662
284755,155911
285198,0
285374,0
285434,31662
285499,97025
285643,133803
285734,119111
285910,32465
285929,105064
286150,38639
286254,115851
286305,12564
286325,63006
286458,154636
286486,76270
286497,154636
286567,31662
286750,18412
286842,0
287249,164211
287468,81708
287516,79520
287535,169819
287559,41101
287583,166707
287678,134084
287768,62476
287916,87310
288102,73469
288107,44854
288378,69355
288492,156064
288782,0
289316,73427
289537,127735
289548,12564
289558,69355
289636,21147
289646,94652
289817,108399
289858,77571
289884,31662
289985,63006
290054,57161
290074,103147
290424,97966
290470,0
290599,57161
290613,113305
290857,115851
290880,88295
290984,0
291091,16839
291147,57018
291258,106714
291317,43449
291348,135409
291400,0
291406,84389
291534,12564
292000,125704
292148,42199
292176,0
292261,58568
292420,44854
292450,0
292484,109083
292941,39830
292996,0
293175,44854
293182,156064
293543,76270
293607,169819
294007,161193
294142,12564
294209,0
294268,31662
294355,151327
294379,75527
294389,70873
294735,134084
294830,36307
294834,0
294872,37957
294920,121811
294930,0
295040,127735
295066,52343
295173,80030
295210,154636
295374,63006
295413,71098
295447,0
295461,0
295571,28295
295818,0
295820,61531
295848,19960
295902,151327
296063,60861
296166,116489
296201,153551
296220,60586
296383,57018
296397,19973
296550,0
296609,169819
296673,0
296690,81462
296707,58984
296751,169819
296794,79636
296809,128988
296877,154636
296909,79520
296951,32465
296954,0
297120,153698
297250,65233
297355,0
297528,71110
297554,31662
297605,48895
297615,149223
297628,63006
297702,90294
297769,157827
297840,51670
297856,42199
297911,15781
298099,37638
298135,0
298282,62863
298445,163392
298513,63006
298516,149854
298801,127735
298865,0
298904,103652
299084,134619
299117,62863
299166,63006
299336,155680
299455,0
299501,103132
299510,44854
299521,164258
299585,138778
299737,0
299868,114313
300238,59175
300473,154636
300525,5825
300537,0
300825,124687
301044,0
301052,0
301228,0
301402,138853
301471,52343
301517,40336
301642,32465
301653,71098
301809,154636
301823,81708
301854,131300
302070,16141
302077,31662
302642,14433
302737,31662
302836,63006
302865,131300
302991,152478
303031,102527
303069,59175
303159,57018
303183,0
303288,61531
303289,0
303371,63006
303442,0
303664,159439
303774,21147
304026,59175
304141,160208
304196,103132
304248,57018
304297,61581
304478,21147
304724,166707
304738,63006
304788,18412
304813,0
304873,5505
304946,150332
304979,0
305131,65520
305193,44854
